{"cameraMode":{"drawMode":0,"name":"Shaded","section":"Shading Mode"},"sceneLighting":true,"audioPlay":false,"sceneViewState":{"m_AlwaysRefresh":false,"showFog":true,"showSkybox":true,"showFlares":true,"showImageEffects":true,"showParticleSystems":true,"showVisualEffectGraphs":true,"m_FxEnabled":true},"in2DMode":false,"pivot":{"x":-2.309812307357788,"y":0.9127717018127441,"z":-0.5315375328063965},"rotation":{"x":0.23505963385105134,"y":-0.015735406428575517,"z":0.003803455736488104,"w":0.9718551635742188},"size":0.8328090310096741,"orthographic":false}